{
  "total_rows": 20,
  "avg_count_per_day": 15.05,
  "min_diameter": 0.0016709174,
  "max_diameter": 1.3615700154
}